Price,Close
Ticker,AAPL
2020-01-27,74.88040924072266
2020-01-28,76.99870300292969
2020-01-29,78.61048889160156
2020-01-30,78.49658203125
2020-01-31,75.0161361694336
2020-02-01,75.0161361694336
2020-02-02,75.0161361694336
2020-02-03,74.81011962890625
2020-02-04,77.27987670898438
2020-02-05,77.9100570678711
2020-02-06,78.82135009765625
2020-02-07,77.74996948242188
2020-02-08,77.74996948242188
2020-02-09,77.74996948242188
2020-02-10,78.1192398071289
2020-02-11,77.64791870117188
2020-02-12,79.49188232421875
2020-02-13,78.92582702636719
2020-02-14,78.94525146484375
2020-02-15,78.94525146484375
2020-02-16,78.94525146484375
2020-02-17,78.94525146484375
2020-02-18,77.49971008300781
2020-02-19,78.62214660644531
2020-02-20,77.8155517578125
2020-02-21,76.05418395996094
2020-02-22,76.05418395996094
2020-02-23,76.05418395996094
2020-02-24,72.44158172607422
2020-02-25,69.98783874511719
2020-02-26,71.09812927246094
2020-02-27,66.4505615234375
2020-02-28,66.41167449951172
2020-02-29,66.41167449951172
2020-03-01,66.41167449951172
2020-03-02,72.59464263916016
2020-03-03,70.28910827636719
2020-03-04,73.54942321777344
2020-03-05,71.16370391845703
2020-03-06,70.21864318847656
2020-03-07,70.21864318847656
2020-03-08,70.21864318847656
2020-03-09,64.6649169921875
2020-03-10,69.32218170166016
2020-03-11,66.91456604003906
2020-03-12,60.306453704833984
2020-03-13,67.53164672851562
2020-03-14,67.53164672851562
2020-03-15,67.53164672851562
2020-03-16,58.84391403198242
2020-03-17,61.43128967285156
2020-03-18,59.92744827270508
2020-03-19,59.46828842163086
2020-03-20,55.692909240722656
2020-03-21,55.692909240722656
2020-03-22,55.692909240722656
2020-03-23,54.50975799560547
2020-03-24,59.97846984863281
2020-03-25,59.6480598449707
2020-03-26,62.786930084228516
2020-03-27,60.18740463256836
2020-03-28,60.18740463256836
2020-03-29,60.18740463256836
2020-03-30,61.905029296875
2020-03-31,61.77869415283203
2020-04-01,58.52808380126953
2020-04-02,59.50473403930664
2020-04-03,58.64955139160156
2020-04-04,58.64955139160156
2020-04-05,58.64955139160156
2020-04-06,63.7659797668457
2020-04-07,63.027442932128906
2020-04-08,64.64058685302734
2020-04-09,65.1070556640625
2020-04-10,65.1070556640625
2020-04-11,65.1070556640625
2020-04-12,65.1070556640625
2020-04-13,66.38495635986328
2020-04-14,69.73759460449219
2020-04-15,69.10108184814453
2020-04-16,69.65013885498047
2020-04-17,68.70509338378906
2020-04-18,68.70509338378906
2020-04-19,68.70509338378906
2020-04-20,67.27899932861328
2020-04-21,65.19938659667969
2020-04-22,67.07734680175781
2020-04-23,66.81739807128906
2020-04-24,68.74639892578125
2020-04-25,68.74639892578125
2020-04-26,68.74639892578125
2020-04-27,68.79498291015625
2020-04-28,67.67986297607422
2020-04-29,69.90281677246094
2020-04-30,71.37747955322266
2020-05-01,70.2283706665039
2020-05-02,70.2283706665039
2020-05-03,70.2283706665039
2020-05-04,71.22200012207031
2020-05-05,72.29095458984375
2020-05-06,73.03680419921875
2020-05-07,73.79237365722656
2020-05-08,75.54875946044922
2020-05-09,75.54875946044922
2020-05-10,75.54875946044922
2020-05-11,76.737548828125
2020-05-12,75.86055755615234
2020-05-13,74.94461822509766
2020-05-14,75.40502166748047
2020-05-15,74.95922088623047
2020-05-16,74.95922088623047
2020-05-17,74.95922088623047
2020-05-18,76.72534942626953
2020-05-19,76.2820053100586
2020-05-20,77.76555633544922
2020-05-21,77.18576049804688
2020-05-22,77.6827163696289
2020-05-23,77.6827163696289
2020-05-24,77.6827163696289
2020-05-25,77.6827163696289
2020-05-26,77.15654754638672
2020-05-27,77.49270629882812
2020-05-28,77.52680969238281
2020-05-29,77.45128631591797
2020-05-30,77.45128631591797
2020-05-31,77.45128631591797
2020-06-01,78.4037857055664
2020-06-02,78.76675415039062
2020-06-03,79.20035552978516
2020-06-04,78.51829528808594
2020-06-05,80.75454711914062
2020-06-06,80.75454711914062
2020-06-07,80.75454711914062
2020-06-08,81.23200225830078
2020-06-09,83.79715728759766
2020-06-10,85.95307159423828
2020-06-11,81.82640838623047
2020-06-12,82.5328598022461
2020-06-13,82.5328598022461
2020-06-14,82.5328598022461
2020-06-15,83.55357360839844
2020-06-16,85.76791381835938
2020-06-17,85.64854431152344
2020-06-18,85.68265533447266
2020-06-19,85.19302368164062
2020-06-20,85.19302368164062
2020-06-21,85.19302368164062
2020-06-22,87.4219970703125
2020-06-23,89.28800201416016
2020-06-24,87.71186828613281
2020-06-25,88.87631225585938
2020-06-26,86.1455078125
2020-06-27,86.1455078125
2020-06-28,86.1455078125
2020-06-29,88.1308822631836
2020-06-30,88.86656951904297
2020-07-01,88.69845581054688
2020-07-02,88.69845581054688
2020-07-03,88.69845581054688
2020-07-04,88.69845581054688
2020-07-05,88.69845581054688
2020-07-06,91.0711669921875
2020-07-07,90.7885971069336
2020-07-08,92.90306854248047
2020-07-09,93.30257415771484
2020-07-10,93.46578216552734
2020-07-11,93.46578216552734
2020-07-12,93.46578216552734
2020-07-13,93.03462982177734
2020-07-14,94.57418823242188
2020-07-15,95.22461700439453
2020-07-16,94.05286407470703
2020-07-17,93.86286163330078
2020-07-18,93.86286163330078
2020-07-19,93.86286163330078
2020-07-20,95.84093475341797
2020-07-21,94.51815032958984
2020-07-22,94.78367614746094
2020-07-23,90.469482421875
2020-07-24,90.245361328125
2020-07-25,90.245361328125
2020-07-26,90.245361328125
2020-07-27,92.38420867919922
2020-07-28,90.86654663085938
2020-07-29,92.6082992553711
2020-07-30,93.72887420654297
2020-07-31,103.5412368774414
2020-08-01,103.5412368774414
2020-08-02,103.5412368774414
2020-08-03,106.15021514892578
2020-08-04,106.85911560058594
2020-08-05,107.24642944335938
2020-08-06,110.98818969726562
2020-08-07,108.46478271484375
2020-08-08,108.46478271484375
2020-08-09,108.46478271484375
2020-08-10,110.0412826538086
2020-08-11,106.76868438720703
2020-08-12,110.3170394897461
2020-08-13,112.2694091796875
2020-08-14,112.16934967041016
2020-08-15,112.16934967041016
2020-08-16,112.16934967041016
2020-08-17,111.87650299072266
2020-08-18,112.8087387084961
2020-08-19,112.95028686523438
2020-08-20,115.45661926269531
2020-08-21,121.40636444091797
2020-08-22,121.40636444091797
2020-08-23,121.40636444091797
2020-08-24,122.8584213256836
2020-08-25,121.85050964355469
2020-08-26,123.50759887695312
2020-08-27,122.0311279296875
2020-08-28,121.83345031738281
2020-08-29,121.83345031738281
2020-08-30,121.83345031738281
2020-08-31,125.96508026123047
2020-09-01,130.98257446289062
2020-09-02,128.26881408691406
2020-09-03,117.99951171875
2020-09-04,118.07762908935547
2020-09-05,118.07762908935547
2020-09-06,118.07762908935547
2020-09-07,118.07762908935547
2020-09-08,110.13159942626953
2020-09-09,114.52436065673828
2020-09-10,110.78562927246094
2020-09-11,109.33114624023438
2020-09-12,109.33114624023438
2020-09-13,109.33114624023438
2020-09-14,112.6110610961914
2020-09-15,112.78678131103516
2020-09-16,109.45805358886719
2020-09-17,107.71067810058594
2020-09-18,104.29408264160156
2020-09-19,104.29408264160156
2020-09-20,104.29408264160156
2020-09-21,107.4568862915039
2020-09-22,109.1456527709961
2020-09-23,104.56741333007812
2020-09-24,105.64122009277344
2020-09-25,109.6044692993164
2020-09-26,109.6044692993164
2020-09-27,109.6044692993164
2020-09-28,112.2206039428711
2020-09-29,111.37133026123047
2020-09-30,113.05034637451172
2020-10-01,114.00698852539062
2020-10-02,110.32683563232422
2020-10-03,110.32683563232422
2020-10-04,110.32683563232422
2020-10-05,113.72390747070312
2020-10-06,110.46348571777344
2020-10-07,112.3377456665039
2020-10-08,112.23035430908203
2020-10-09,114.1827163696289
2020-10-10,114.1827163696289
2020-10-11,114.1827163696289
2020-10-12,121.4356689453125
2020-10-13,118.21428680419922
2020-10-14,118.3021469116211
2020-10-15,117.83358764648438
2020-10-16,116.18385314941406
2020-10-17,116.18385314941406
2020-10-18,116.18385314941406
2020-10-19,113.21629333496094
2020-10-20,114.70984649658203
2020-10-21,114.08509063720703
2020-10-22,112.99177551269531
2020-10-23,112.2987060546875
2020-10-24,112.2987060546875
2020-10-25,112.2987060546875
2020-10-26,112.30845642089844
2020-10-27,113.8215103149414
2020-10-28,108.55017852783203
2020-10-29,112.57202911376953
2020-10-30,106.26597595214844
2020-10-31,106.26597595214844
2020-11-01,106.26597595214844
2020-11-02,106.17811584472656
2020-11-03,107.80831146240234
2020-11-04,112.21083068847656
2020-11-05,116.1936264038086
2020-11-06,116.06159973144531
2020-11-07,116.06159973144531
2020-11-08,116.06159973144531
2020-11-09,113.74407958984375
2020-11-10,113.40185546875
2020-11-11,116.84387969970703
2020-11-12,116.57011413574219
2020-11-13,116.61900329589844
2020-11-14,116.61900329589844
2020-11-15,116.61900329589844
2020-11-16,117.63594818115234
2020-11-17,116.7461166381836
2020-11-18,115.41621398925781
2020-11-19,116.01272583007812
2020-11-20,114.74150848388672
2020-11-21,114.74150848388672
2020-11-22,114.74150848388672
2020-11-23,111.32878112792969
2020-11-24,112.61954498291016
2020-11-25,113.46051025390625
2020-11-26,113.46051025390625
2020-11-27,114.00811004638672
2020-11-28,114.00811004638672
2020-11-29,114.00811004638672
2020-11-30,116.41362762451172
2020-12-01,120.00236511230469
2020-12-02,120.3543930053711
2020-12-03,120.2175064086914
2020-12-04,119.54276275634766
2020-12-05,119.54276275634766
2020-12-06,119.54276275634766
2020-12-07,121.00955200195312
2020-12-08,121.62560272216797
2020-12-09,119.08317565917969
2020-12-10,120.51084899902344
2020-12-11,119.69923400878906
2020-12-12,119.69923400878906
2020-12-13,119.69923400878906
2020-12-14,119.08317565917969
2020-12-15,125.048095703125
2020-12-16,124.97964477539062
2020-12-17,125.84992980957031
2020-12-18,123.8551254272461
2020-12-19,123.8551254272461
2020-12-20,123.8551254272461
2020-12-21,125.39033508300781
2020-12-22,128.95950317382812
2020-12-23,128.0598602294922
2020-12-24,129.04747009277344
2020-12-25,129.04747009277344
2020-12-26,129.04747009277344
2020-12-27,129.04747009277344
2020-12-28,133.66299438476562
2020-12-29,131.88327026367188
2020-12-30,130.7587890625
2020-12-31,129.75155639648438
2021-01-01,129.75155639648438
2021-01-02,129.75155639648438
2021-01-03,129.75155639648438
2021-01-04,126.5442123413086
2021-01-05,128.10879516601562
2021-01-06,123.79644775390625
2021-01-07,128.02078247070312
2021-01-08,129.125732421875
2021-01-09,129.125732421875
2021-01-10,129.125732421875
2021-01-11,126.12374114990234
2021-01-12,125.9477310180664
2021-01-13,127.99144744873047
2021-01-14,126.05530548095703
2021-01-15,124.32447814941406
2021-01-16,124.32447814941406
2021-01-17,124.32447814941406
2021-01-18,124.32447814941406
2021-01-19,124.99921417236328
2021-01-20,129.106201171875
2021-01-21,133.8389892578125
2021-01-22,135.9902801513672
2021-01-23,135.9902801513672
2021-01-24,135.9902801513672
2021-01-25,139.75502014160156
2021-01-26,139.98974609375
2021-01-27,138.91407775878906
2021-01-28,134.0541534423828
2021-01-29,129.0377197265625
2021-01-30,129.0377197265625
2021-01-31,129.0377197265625
2021-02-01,131.1694793701172
2021-02-02,132.00062561035156
2021-02-03,130.973876953125
2021-02-04,134.34750366210938
2021-02-05,133.93130493164062
2021-02-06,133.93130493164062
2021-02-07,133.93130493164062
2021-02-08,134.0782012939453
2021-02-09,133.19679260253906
2021-02-10,132.58963012695312
2021-02-11,132.3350067138672
2021-02-12,132.5700225830078
2021-02-13,132.5700225830078
2021-02-14,132.5700225830078
2021-02-15,132.5700225830078
2021-02-16,130.43515014648438
2021-02-17,128.1337432861328
2021-02-18,127.02713775634766
2021-02-19,127.1838150024414
2021-02-20,127.1838150024414
2021-02-21,127.1838150024414
2021-02-22,123.39385223388672
2021-02-23,123.25672912597656
2021-02-24,122.75728607177734
2021-02-25,118.48746490478516
2021-02-26,118.75189208984375
2021-02-27,118.75189208984375
2021-02-28,118.75189208984375
2021-03-01,125.14682006835938
2021-03-02,122.53203582763672
2021-03-03,119.53534698486328
2021-03-04,117.64525604248047
2021-03-05,118.90857696533203
2021-03-06,118.90857696533203
2021-03-07,118.90857696533203
2021-03-08,113.95323944091797
2021-03-09,118.58539581298828
2021-03-10,117.49835968017578
2021-03-11,119.4374008178711
2021-03-12,118.52664184570312
2021-03-13,118.52664184570312
2021-03-14,118.52664184570312
2021-03-15,121.42543029785156
2021-03-16,122.97273254394531
2021-03-17,122.17948913574219
2021-03-18,118.03697204589844
2021-03-19,117.50816345214844
2021-03-20,117.50816345214844
2021-03-21,117.50816345214844
2021-03-22,120.83784484863281
2021-03-23,120.00541687011719
2021-03-24,117.6060791015625
2021-03-25,118.09573364257812
2021-03-26,118.70291137695312
2021-03-27,118.70291137695312
2021-03-28,118.70291137695312
2021-03-29,118.87918853759766
2021-03-30,117.4200210571289
2021-03-31,119.62346649169922
2021-04-01,120.45589447021484
2021-04-02,120.45589447021484
2021-04-03,120.45589447021484
2021-04-04,120.45589447021484
2021-04-05,123.29592895507812
2021-04-06,123.59949493408203
2021-04-07,125.25455474853516
2021-04-08,127.6636734008789
2021-04-09,130.2490692138672
2021-04-10,130.2490692138672
2021-04-11,130.2490692138672
2021-04-12,128.52548217773438
2021-04-13,131.64947509765625
2021-04-14,129.29913330078125
2021-04-15,131.71803283691406
2021-04-16,131.38507080078125
2021-04-17,131.38507080078125
2021-04-18,131.38507080078125
2021-04-19,132.0509796142578
2021-04-20,130.3568115234375
2021-04-21,130.7387237548828
2021-04-22,129.21102905273438
2021-04-23,131.541748046875
2021-04-24,131.541748046875
2021-04-25,131.541748046875
2021-04-26,131.93350219726562
2021-04-27,131.61032104492188
2021-04-28,130.81704711914062
2021-04-29,130.71913146972656
2021-04-30,128.7408905029297
2021-05-01,128.7408905029297
2021-05-02,128.7408905029297
2021-05-03,129.79859924316406
2021-05-04,125.20557403564453
2021-05-05,125.45040893554688
2021-05-06,127.05648803710938
2021-05-07,127.73338317871094
2021-05-08,127.73338317871094
2021-05-09,127.73338317871094
2021-05-10,124.43726348876953
2021-05-11,123.51514434814453
2021-05-12,120.43488311767578
2021-05-13,122.59303283691406
2021-05-14,125.0258560180664
2021-05-15,125.0258560180664
2021-05-16,125.0258560180664
2021-05-17,123.86829376220703
2021-05-18,122.4753189086914
2021-05-19,122.318359375
2021-05-20,124.88853454589844
2021-05-21,123.04427337646484
2021-05-22,123.04427337646484
2021-05-23,123.04427337646484
2021-05-24,124.68251037597656
2021-05-25,124.4863052368164
2021-05-26,124.43726348876953
2021-05-27,122.89712524414062
2021-05-28,122.23988342285156
2021-05-29,122.23988342285156
2021-05-30,122.23988342285156
2021-05-31,122.23988342285156
2021-06-01,121.91615295410156
2021-06-02,122.68130493164062
2021-06-03,121.19022369384766
2021-06-04,123.49552154541016
2021-06-05,123.49552154541016
2021-06-06,123.49552154541016
2021-06-07,123.50533294677734
2021-06-08,124.32936096191406
2021-06-09,124.7119369506836
2021-06-10,123.71133422851562
2021-06-11,124.92776489257812
2021-06-12,124.92776489257812
2021-06-13,124.92776489257812
2021-06-14,127.99819946289062
2021-06-15,127.17420959472656
2021-06-16,127.67450714111328
2021-06-17,129.28330993652344
2021-06-18,127.97862243652344
2021-06-19,127.97862243652344
2021-06-20,127.97862243652344
2021-06-21,129.7836151123047
2021-06-22,131.431640625
2021-06-23,131.15695190429688
2021-06-24,130.87249755859375
2021-06-25,130.57823181152344
2021-06-26,130.57823181152344
2021-06-27,130.57823181152344
2021-06-28,132.21644592285156
2021-06-29,133.73696899414062
2021-06-30,134.35496520996094
2021-07-01,134.65908813476562
2021-07-02,137.2979278564453
2021-07-03,137.2979278564453
2021-07-04,137.2979278564453
2021-07-05,137.2979278564453
2021-07-06,139.31874084472656
2021-07-07,141.8202362060547
2021-07-08,140.51553344726562
2021-07-09,142.3499755859375
2021-07-10,142.3499755859375
2021-07-11,142.3499755859375
2021-07-12,141.75157165527344
2021-07-13,142.869873046875
2021-07-14,146.31309509277344
2021-07-15,145.65585327148438
2021-07-16,143.60557556152344
2021-07-17,143.60557556152344
2021-07-18,143.60557556152344
2021-07-19,139.74057006835938
2021-07-20,143.3701629638672
2021-07-21,142.63446044921875
2021-07-22,144.00784301757812
2021-07-23,145.73431396484375
2021-07-24,145.73431396484375
2021-07-25,145.73431396484375
2021-07-26,146.15614318847656
2021-07-27,143.97836303710938
2021-07-28,142.22239685058594
2021-07-29,142.869873046875
2021-07-30,143.08572387695312
2021-07-31,143.08572387695312
2021-08-01,143.08572387695312
2021-08-02,142.7521514892578
2021-08-03,144.55715942382812
2021-08-04,144.15493774414062
2021-08-05,144.2628631591797
2021-08-06,143.5751495361328
2021-08-07,143.5751495361328
2021-08-08,143.5751495361328
2021-08-09,143.52601623535156
2021-08-10,143.0446319580078
2021-08-11,143.30007934570312
2021-08-12,146.27691650390625
2021-08-13,146.48321533203125
2021-08-14,146.48321533203125
2021-08-15,146.48321533203125
2021-08-16,148.46775817871094
2021-08-17,147.5540771484375
2021-08-18,143.79129028320312
2021-08-19,144.1253204345703
2021-08-20,145.58917236328125
2021-08-21,145.58917236328125
2021-08-22,145.58917236328125
2021-08-23,147.08250427246094
2021-08-24,146.99404907226562
2021-08-25,145.75619506835938
2021-08-26,144.9505615234375
2021-08-27,145.99195861816406
2021-08-28,145.99195861816406
2021-08-29,145.99195861816406
2021-08-30,150.4326629638672
2021-08-31,149.165283203125
2021-09-01,149.8333282470703
2021-09-02,150.95333862304688
2021-09-03,151.59193420410156
2021-09-04,151.59193420410156
2021-09-05,151.59193420410156
2021-09-06,151.59193420410156
2021-09-07,153.94000244140625
2021-09-08,152.3877410888672
2021-09-09,151.36599731445312
2021-09-10,146.35546875
2021-09-11,146.35546875
2021-09-12,146.35546875
2021-09-13,146.92532348632812
2021-09-14,145.5203857421875
2021-09-15,146.41444396972656
2021-09-16,146.1786346435547
2021-09-17,143.49655151367188
2021-09-18,143.49655151367188
2021-09-19,143.49655151367188
2021-09-20,140.43133544921875
2021-09-21,140.91270446777344
2021-09-22,143.29025268554688
2021-09-23,144.2530517578125
2021-09-24,144.3414764404297
2021-09-25,144.3414764404297
2021-09-26,144.3414764404297
2021-09-27,142.8186798095703
2021-09-28,139.41940307617188
2021-09-29,140.3232421875
2021-09-30,139.01658630371094
2021-10-01,140.14637756347656
2021-10-02,140.14637756347656
2021-10-03,140.14637756347656
2021-10-04,136.69802856445312
2021-10-05,138.63345336914062
2021-10-06,139.50779724121094
2021-10-07,140.77516174316406
2021-10-08,140.3920135498047
2021-10-09,140.3920135498047
2021-10-10,140.3920135498047
2021-10-11,140.30361938476562
2021-10-12,139.02639770507812
2021-10-13,138.43692016601562
2021-10-14,141.2369384765625
2021-10-15,142.2979736328125
2021-10-16,142.2979736328125
2021-10-17,142.2979736328125
2021-10-18,143.9779815673828
2021-10-19,146.14918518066406
2021-10-20,146.640380859375
2021-10-21,146.85653686523438
2021-10-22,146.0803985595703
2021-10-23,146.0803985595703
2021-10-24,146.0803985595703
2021-10-25,146.03126525878906
2021-10-26,146.6993408203125
2021-10-27,146.23764038085938
2021-10-28,149.89231872558594
2021-10-29,147.1708984375
2021-10-30,147.1708984375
2021-10-31,147.1708984375
2021-11-01,146.3456573486328
2021-11-02,147.3870849609375
2021-11-03,148.83126831054688
2021-11-04,148.31056213378906
2021-11-05,148.8418426513672
2021-11-06,148.8418426513672
2021-11-07,148.8418426513672
2021-11-08,148.01539611816406
2021-11-09,148.3794403076172
2021-11-10,145.5360107421875
2021-11-11,145.48681640625
2021-11-12,147.57266235351562
2021-11-13,147.57266235351562
2021-11-14,147.57266235351562
2021-11-15,147.58250427246094
2021-11-16,148.5663604736328
2021-11-17,151.01626586914062
2021-11-18,155.3256378173828
2021-11-19,157.9624481201172
2021-11-20,157.9624481201172
2021-11-21,157.9624481201172
2021-11-22,158.4248809814453
2021-11-23,158.80860900878906
2021-11-24,159.33006286621094
2021-11-25,159.33006286621094
2021-11-26,154.28271484375
2021-11-27,154.28271484375
2021-11-28,154.28271484375
2021-11-29,157.65745544433594
2021-11-30,162.63587951660156
2021-12-01,162.11444091796875
2021-12-02,161.12071228027344
2021-12-03,159.23170471191406
2021-12-04,159.23170471191406
2021-12-05,159.23170471191406
2021-12-06,162.65560913085938
2021-12-07,168.42111206054688
2021-12-08,172.25827026367188
2021-12-09,171.74664306640625
2021-12-10,176.55784606933594
2021-12-11,176.55784606933594
2021-12-12,176.55784606933594
2021-12-13,172.9076385498047
2021-12-14,171.52035522460938
2021-12-15,176.41026306152344
2021-12-16,169.48370361328125
2021-12-17,168.38177490234375
2021-12-18,168.38177490234375
2021-12-19,168.38177490234375
2021-12-20,167.01417541503906
2021-12-21,170.20196533203125
2021-12-22,172.80926513671875
2021-12-23,173.43893432617188
2021-12-24,173.43893432617188
2021-12-25,173.43893432617188
2021-12-26,173.43893432617188
2021-12-27,177.42367553710938
2021-12-28,176.40042114257812
2021-12-29,176.48899841308594
2021-12-30,175.32797241210938
2021-12-31,174.70814514160156
2022-01-01,174.70814514160156
2022-01-02,174.70814514160156
2022-01-03,179.07659912109375
2022-01-04,176.80380249023438
2022-01-05,172.10086059570312
2022-01-06,169.22792053222656
2022-01-07,169.3951873779297
2022-01-08,169.3951873779297
2022-01-09,169.3951873779297
2022-01-10,169.4148712158203
2022-01-11,172.25827026367188
2022-01-12,172.70103454589844
2022-01-13,169.4148712158203
2022-01-14,170.2806854248047
2022-01-15,170.2806854248047
2022-01-16,170.2806854248047
2022-01-17,170.2806854248047
2022-01-18,167.06338500976562
2022-01-19,163.55093383789062
2022-01-20,161.858642578125
2022-01-21,159.79251098632812
2022-01-22,159.79251098632812
2022-01-23,159.79251098632812
2022-01-24,159.0151824951172
2022-01-25,157.20486450195312
2022-01-26,157.11630249023438
2022-01-27,156.65390014648438
2022-01-28,167.5848388671875
2022-01-29,167.5848388671875
2022-01-30,167.5848388671875
2022-01-31,171.96310424804688
2022-02-01,171.7958526611328
2022-02-02,173.0060577392578
2022-02-03,170.11338806152344
2022-02-04,169.82774353027344
2022-02-05,169.82774353027344
2022-02-06,169.82774353027344
2022-02-07,169.1085662841797
2022-02-08,172.23146057128906
2022-02-09,173.65992736816406
2022-02-10,169.56173706054688
2022-02-11,166.13343811035156
2022-02-12,166.13343811035156
2022-02-13,166.13343811035156
2022-02-14,166.36990356445312
2022-02-15,170.22178649902344
2022-02-16,169.98538208007812
2022-02-17,166.36990356445312
2022-02-18,164.81341552734375
2022-02-19,164.81341552734375
2022-02-20,164.81341552734375
2022-02-21,164.81341552734375
2022-02-22,161.877685546875
2022-02-23,157.6908721923828
2022-02-24,160.3211669921875
2022-02-25,162.39981079101562
2022-02-26,162.39981079101562
2022-02-27,162.39981079101562
2022-02-28,162.66580200195312
2022-03-01,160.77430725097656
2022-03-02,164.0843963623047
2022-03-03,163.75927734375
2022-03-04,160.7447509765625
2022-03-05,160.7447509765625
2022-03-06,160.7447509765625
2022-03-07,156.9322967529297
2022-03-08,155.09994506835938
2022-03-09,160.5280303955078
2022-03-10,156.16387939453125
2022-03-11,152.43020629882812
2022-03-12,152.43020629882812
2022-03-13,152.43020629882812
2022-03-14,148.3813018798828
2022-03-15,152.78488159179688
2022-03-16,157.21795654296875
2022-03-17,158.232666015625
2022-03-18,161.54273986816406
2022-03-19,161.54273986816406
2022-03-20,161.54273986816406
2022-03-21,162.92193603515625
2022-03-22,166.310791015625
2022-03-23,167.68017578125
2022-03-24,171.48277282714844
2022-03-25,172.12310791015625
2022-03-26,172.12310791015625
2022-03-27,172.12310791015625
2022-03-28,172.99002075195312
2022-03-29,176.30007934570312
2022-03-30,175.1277618408203
2022-03-31,172.0147247314453
2022-04-01,171.7191925048828
2022-04-02,171.7191925048828
2022-04-03,171.7191925048828
2022-04-04,175.787841796875
2022-04-05,172.45806884765625
2022-04-06,169.2760467529297
2022-04-07,169.58148193359375
2022-04-08,167.5618896484375
2022-04-09,167.5618896484375
2022-04-10,167.5618896484375
2022-04-11,163.28640747070312
2022-04-12,165.1680450439453
2022-04-13,167.86732482910156
2022-04-14,162.83323669433594
2022-04-15,162.83323669433594
2022-04-16,162.83323669433594
2022-04-17,162.83323669433594
2022-04-18,162.61654663085938
2022-04-19,164.91188049316406
2022-04-20,164.7444305419922
2022-04-21,163.9464874267578
2022-04-22,159.38526916503906
2022-04-23,159.38526916503906
2022-04-24,159.38526916503906
2022-04-25,160.45907592773438
2022-04-26,154.46945190429688
2022-04-27,154.2428741455078
2022-04-28,161.20779418945312
2022-04-29,155.30682373046875
2022-04-30,155.30682373046875
2022-05-01,155.30682373046875
2022-05-02,155.6122283935547
2022-05-03,157.10960388183594
2022-05-04,163.55242919921875
2022-05-05,154.4398956298828
2022-05-06,155.16995239257812
2022-05-07,155.16995239257812
2022-05-08,155.16995239257812
2022-05-09,150.0199737548828
2022-05-10,152.43710327148438
2022-05-11,144.53457641601562
2022-05-12,140.64744567871094
2022-05-13,145.1363983154297
2022-05-14,145.1363983154297
2022-05-15,145.1363983154297
2022-05-16,143.5874786376953
2022-05-17,147.23785400390625
2022-05-18,138.93080139160156
2022-05-19,135.50735473632812
2022-05-20,135.74411010742188
2022-05-21,135.74411010742188
2022-05-22,135.74411010742188
2022-05-23,141.19007873535156
2022-05-24,138.47695922851562
2022-05-25,138.63482666015625
2022-05-26,141.85107421875
2022-05-27,147.63247680664062
2022-05-28,147.63247680664062
2022-05-29,147.63247680664062
2022-05-30,147.63247680664062
2022-05-31,146.8431854248047
2022-06-01,146.7149658203125
2022-06-02,149.181396484375
2022-06-03,143.4296112060547
2022-06-04,143.4296112060547
2022-06-05,143.4296112060547
2022-06-06,144.17942810058594
2022-06-07,146.7149658203125
2022-06-08,145.9750213623047
2022-06-09,140.72634887695312
2022-06-10,135.29029846191406
2022-06-11,135.29029846191406
2022-06-12,135.29029846191406
2022-06-13,130.11074829101562
2022-06-14,130.9789276123047
2022-06-15,133.61309814453125
2022-06-16,128.31515502929688
2022-06-17,129.7949981689453
2022-06-18,129.7949981689453
2022-06-19,129.7949981689453
2022-06-20,129.7949981689453
2022-06-21,134.04718017578125
2022-06-22,133.53419494628906
2022-06-23,136.41502380371094
2022-06-24,139.75950622558594
2022-06-25,139.75950622558594
2022-06-26,139.75950622558594
2022-06-27,139.75950622558594
2022-06-28,135.5961456298828
2022-06-29,137.3621063232422
2022-06-30,134.88577270507812
2022-07-01,137.06614685058594
2022-07-02,137.06614685058594
2022-07-03,137.06614685058594
2022-07-04,137.06614685058594
2022-07-05,139.66085815429688
2022-07-06,141.00259399414062
2022-07-07,144.3865966796875
2022-07-08,145.06732177734375
2022-07-09,145.06732177734375
2022-07-10,145.06732177734375
2022-07-11,142.92645263671875
2022-07-12,143.90318298339844
2022-07-13,143.5381317138672
2022-07-14,146.47816467285156
2022-07-15,148.1553497314453
2022-07-16,148.1553497314453
2022-07-17,148.1553497314453
2022-07-18,145.09695434570312
2022-07-19,148.97421264648438
2022-07-20,150.98683166503906
2022-07-21,153.265869140625
2022-07-22,152.0227508544922
2022-07-23,152.0227508544922
2022-07-24,152.0227508544922
2022-07-25,150.89804077148438
2022-07-26,149.56617736816406
2022-07-27,154.6865234375
2022-07-28,155.23904418945312
2022-07-29,160.32981872558594
2022-07-30,160.32981872558594
2022-07-31,160.32981872558594
2022-08-01,159.34323120117188
2022-08-02,157.86334228515625
2022-08-03,163.90127563476562
2022-08-04,163.58551025390625
2022-08-05,163.3583221435547
2022-08-06,163.3583221435547
2022-08-07,163.3583221435547
2022-08-08,162.8840789794922
2022-08-09,162.9334716796875
2022-08-10,167.20143127441406
2022-08-11,166.46047973632812
2022-08-12,170.0270233154297
2022-08-13,170.0270233154297
2022-08-14,170.0270233154297
2022-08-15,171.1038818359375
2022-08-16,170.94578552246094
2022-08-17,172.44749450683594
2022-08-18,172.05230712890625
2022-08-19,169.4539794921875
2022-08-20,169.4539794921875
2022-08-21,169.4539794921875
2022-08-22,165.5515594482422
2022-08-23,165.2156524658203
2022-08-24,165.5120391845703
2022-08-25,167.98193359375
2022-08-26,161.64915466308594
2022-08-27,161.64915466308594
2022-08-28,161.64915466308594
2022-08-29,159.4361114501953
2022-08-30,156.9958953857422
2022-08-31,155.32623291015625
2022-09-01,156.0573272705078
2022-09-02,153.9332275390625
2022-09-03,153.9332275390625
2022-09-04,153.9332275390625
2022-09-05,153.9332275390625
2022-09-06,152.6686248779297
2022-09-07,154.08139038085938
2022-09-08,152.59947204589844
2022-09-09,155.4744110107422
2022-09-10,155.4744110107422
2022-09-11,155.4744110107422
2022-09-12,161.46141052246094
2022-09-13,151.9869384765625
2022-09-14,153.43922424316406
2022-09-15,150.5346221923828
2022-09-16,148.88473510742188
2022-09-17,148.88473510742188
2022-09-18,148.88473510742188
2022-09-19,152.61924743652344
2022-09-20,155.0100555419922
2022-09-21,151.86837768554688
2022-09-22,150.9001922607422
2022-09-23,148.61798095703125
2022-09-24,148.61798095703125
2022-09-25,148.61798095703125
2022-09-26,148.95391845703125
2022-09-27,149.93197631835938
2022-09-28,148.0351104736328
2022-09-29,140.76376342773438
2022-09-30,136.5353240966797
2022-10-01,136.5353240966797
2022-10-02,136.5353240966797
2022-10-03,140.73416137695312
2022-10-04,144.3401641845703
2022-10-05,144.6365509033203
2022-10-06,143.67823791503906
2022-10-07,138.40255737304688
2022-10-08,138.40255737304688
2022-10-09,138.40255737304688
2022-10-10,138.72857666015625
2022-10-11,137.305908203125
2022-10-12,136.6736602783203
2022-10-13,141.26763916015625
2022-10-14,136.71316528320312
2022-10-15,136.71316528320312
2022-10-16,136.71316528320312
2022-10-17,140.6946258544922
2022-10-18,142.0184783935547
2022-10-19,142.1271514892578
2022-10-20,141.66282653808594
2022-10-21,145.49606323242188
2022-10-22,145.49606323242188
2022-10-23,145.49606323242188
2022-10-24,147.64981079101562
2022-10-25,150.50498962402344
2022-10-26,147.55104064941406
2022-10-27,143.05581665039062
2022-10-28,153.8640594482422
2022-10-29,153.8640594482422
2022-10-30,153.8640594482422
2022-10-31,151.49293518066406
2022-11-01,148.83538818359375
2022-11-02,143.2830810546875
2022-11-03,137.20713806152344
2022-11-04,136.93995666503906
2022-11-05,136.93995666503906
2022-11-06,136.93995666503906
2022-11-07,137.47433471679688
2022-11-08,138.04832458496094
2022-11-09,133.46646118164062
2022-11-10,145.3415985107422
2022-11-11,148.14212036132812
2022-11-12,148.14212036132812
2022-11-13,148.14212036132812
2022-11-14,146.73692321777344
2022-11-15,148.47860717773438
2022-11-16,147.2416229248047
2022-11-17,149.15155029296875
2022-11-18,149.715576171875
2022-11-19,149.715576171875
2022-11-20,149.715576171875
2022-11-21,146.4697265625
2022-11-22,148.6171417236328
2022-11-23,149.49790954589844
2022-11-24,149.49790954589844
2022-11-25,146.56866455078125
2022-11-26,146.56866455078125
2022-11-27,146.56866455078125
2022-11-28,142.7191619873047
2022-11-29,139.70091247558594
2022-11-30,146.48953247070312
2022-12-01,146.76661682128906
2022-12-02,146.27182006835938
2022-12-03,146.27182006835938
2022-12-04,146.27182006835938
2022-12-05,145.10409545898438
2022-12-06,141.42282104492188
2022-12-07,139.47332763671875
2022-12-08,141.16551208496094
2022-12-09,140.6806182861328
2022-12-10,140.6806182861328
2022-12-11,140.6806182861328
2022-12-12,142.9863739013672
2022-12-13,143.9561767578125
2022-12-14,141.7196807861328
2022-12-15,135.07952880859375
2022-12-16,133.11021423339844
2022-12-17,133.11021423339844
2022-12-18,133.11021423339844
2022-12-19,130.99252319335938
2022-12-20,130.92323303222656
2022-12-21,134.04042053222656
2022-12-22,130.85394287109375
2022-12-23,130.48779296875
2022-12-24,130.48779296875
2022-12-25,130.48779296875
2022-12-26,130.48779296875
2022-12-27,128.6768341064453
2022-12-28,124.7283706665039
2022-12-29,128.26123046875
2022-12-30,128.577880859375
2022-12-31,128.577880859375
2023-01-01,128.577880859375
2023-01-02,128.577880859375
2023-01-03,123.76846313476562
2023-01-04,125.04502868652344
2023-01-05,123.7189712524414
2023-01-06,128.27110290527344
2023-01-07,128.27110290527344
2023-01-08,128.27110290527344
2023-01-09,128.79559326171875
2023-01-10,129.36956787109375
2023-01-11,132.10084533691406
2023-01-12,132.02166748046875
2023-01-13,133.35760498046875
2023-01-14,133.35760498046875
2023-01-15,133.35760498046875
2023-01-16,133.35760498046875
2023-01-17,134.5253448486328
2023-01-18,133.8029327392578
2023-01-19,133.8623046875
2023-01-20,136.43524169921875
2023-01-21,136.43524169921875
2023-01-22,136.43524169921875
2023-01-23,139.64154052734375
2023-01-24,141.04676818847656
2023-01-25,140.38372802734375
2023-01-26,142.46189880371094
2023-01-27,144.41136169433594
2023-01-28,144.41136169433594
2023-01-29,144.41136169433594
2023-01-30,141.51185607910156
2023-01-31,142.78842163085938
2023-02-01,143.91656494140625
2023-02-02,149.25050354003906
2023-02-03,152.89218139648438
2023-02-04,152.89218139648438
2023-02-05,152.89218139648438
2023-02-06,150.15101623535156
2023-02-07,153.04063415527344
2023-02-08,150.3390350341797
2023-02-09,149.29995727539062
2023-02-10,149.66668701171875
2023-02-11,149.66668701171875
2023-02-12,149.66668701171875
2023-02-13,152.48143005371094
2023-02-14,151.83718872070312
2023-02-15,153.94825744628906
2023-02-16,152.34266662597656
2023-02-17,151.1929931640625
2023-02-18,151.1929931640625
2023-02-19,151.1929931640625
2023-02-20,151.1929931640625
2023-02-21,147.1591796875
2023-02-22,147.5853729248047
2023-02-23,148.0709991455078
2023-02-24,145.40496826171875
2023-02-25,145.40496826171875
2023-02-26,145.40496826171875
2023-02-27,146.6041717529297
2023-02-28,146.09869384765625
2023-03-01,144.0173797607422
2023-03-02,144.612060546875
2023-03-03,149.68649291992188
2023-03-04,149.68649291992188
2023-03-05,149.68649291992188
2023-03-06,152.4616241455078
2023-03-07,150.25144958496094
2023-03-08,151.51011657714844
2023-03-09,149.25042724609375
2023-03-10,147.17901611328125
2023-03-11,147.17901611328125
2023-03-12,147.17901611328125
2023-03-13,149.13148498535156
2023-03-14,151.23263549804688
2023-03-15,151.6290740966797
2023-03-16,154.46363830566406
2023-03-17,153.62118530273438
2023-03-18,153.62118530273438
2023-03-19,153.62118530273438
2023-03-20,155.99984741210938
2023-03-21,157.8631134033203
2023-03-22,156.426025390625
2023-03-23,157.51622009277344
2023-03-24,158.8245086669922
2023-03-25,158.8245086669922
2023-03-26,158.8245086669922
2023-03-27,156.8720245361328
2023-03-28,156.24761962890625
2023-03-29,159.3398895263672
2023-03-30,160.91571044921875
2023-03-31,163.43310546875
2023-04-01,163.43310546875
2023-04-02,163.43310546875
2023-04-03,164.6918182373047
2023-04-04,164.15663146972656
2023-04-05,162.30325317382812
2023-04-06,163.1952667236328
2023-04-07,163.1952667236328
2023-04-08,163.1952667236328
2023-04-09,163.1952667236328
2023-04-10,160.5886688232422
2023-04-11,159.36959838867188
2023-04-12,158.6758270263672
2023-04-13,164.08726501464844
2023-04-14,163.74037170410156
2023-04-15,163.74037170410156
2023-04-16,163.74037170410156
2023-04-17,163.7601776123047
2023-04-18,164.98916625976562
2023-04-19,166.13885498046875
2023-04-20,165.16757202148438
2023-04-21,163.5520477294922
2023-04-22,163.5520477294922
2023-04-23,163.5520477294922
2023-04-24,163.85928344726562
2023-04-25,162.31320190429688
2023-04-26,162.30325317382812
2023-04-27,166.9119110107422
2023-04-28,168.1706085205078
2023-04-29,168.1706085205078
2023-04-30,168.1706085205078
2023-05-01,168.0814208984375
2023-05-02,167.04075622558594
2023-05-03,165.96044921875
2023-05-04,164.31520080566406
2023-05-05,172.0260009765625
2023-05-06,172.0260009765625
2023-05-07,172.0260009765625
2023-05-08,171.95660400390625
2023-05-09,170.24203491210938
2023-05-10,172.01609802246094
2023-05-11,172.20437622070312
2023-05-12,171.27146911621094
2023-05-13,171.27146911621094
2023-05-14,171.27146911621094
2023-05-15,170.77523803710938
2023-05-16,170.77523803710938
2023-05-17,171.3905487060547
2023-05-18,173.73280334472656
2023-05-19,173.84197998046875
2023-05-20,173.84197998046875
2023-05-21,173.84197998046875
2023-05-22,172.88919067382812
2023-05-23,170.26907348632812
2023-05-24,170.54696655273438
2023-05-25,171.68832397460938
2023-05-26,174.10995483398438
2023-05-27,174.10995483398438
2023-05-28,174.10995483398438
2023-05-29,174.10995483398438
2023-05-30,175.96588134765625
2023-05-31,175.916259765625
2023-06-01,178.73486328125
2023-06-02,179.58840942382812
2023-06-03,179.58840942382812
2023-06-04,179.58840942382812
2023-06-05,178.22872924804688
2023-06-06,177.86151123046875
2023-06-07,176.4819793701172
2023-06-08,179.2112579345703
2023-06-09,179.5983428955078
2023-06-10,179.5983428955078
2023-06-11,179.5983428955078
2023-06-12,182.4070281982422
2023-06-13,181.9306640625
2023-06-14,182.5658416748047
2023-06-15,184.6103515625
2023-06-16,183.52853393554688
2023-06-17,183.52853393554688
2023-06-18,183.52853393554688
2023-06-19,183.52853393554688
2023-06-20,183.6178741455078
2023-06-21,182.57577514648438
2023-06-22,185.59288024902344
2023-06-23,185.2753143310547
2023-06-24,185.2753143310547
2023-06-25,185.2753143310547
2023-06-26,183.87591552734375
2023-06-27,186.64491271972656
2023-06-28,187.82595825195312
2023-06-29,188.16339111328125
2023-06-30,192.51043701171875
2023-07-01,192.51043701171875
2023-07-02,192.51043701171875
2023-07-03,191.0117950439453
2023-07-04,191.0117950439453
2023-07-05,189.89031982421875
2023-07-06,190.36668395996094
2023-07-07,189.24517822265625
2023-07-08,189.24517822265625
2023-07-09,189.24517822265625
2023-07-10,187.19078063964844
2023-07-11,186.6647491455078
2023-07-12,188.34205627441406
2023-07-13,189.10626220703125
2023-07-14,189.25511169433594
2023-07-15,189.25511169433594
2023-07-16,189.25511169433594
2023-07-17,192.53030395507812
2023-07-18,192.27224731445312
2023-07-19,193.63194274902344
2023-07-20,191.67677307128906
2023-07-21,190.4957275390625
2023-07-22,190.4957275390625
2023-07-23,190.4957275390625
2023-07-24,191.29962158203125
2023-07-25,192.1630401611328
2023-07-26,193.0364532470703
2023-07-27,191.76609802246094
2023-07-28,194.3564453125
2023-07-29,194.3564453125
2023-07-30,194.3564453125
2023-07-31,194.97177124023438
2023-08-01,194.13809204101562
2023-08-02,191.1309051513672
2023-08-03,189.7314910888672
2023-08-04,180.62057495117188
2023-08-05,180.62057495117188
2023-08-06,180.62057495117188
2023-08-07,177.5042266845703
2023-08-08,178.44705200195312
2023-08-09,176.84918212890625
2023-08-10,176.63082885742188
2023-08-11,176.6904754638672
2023-08-12,176.6904754638672
2023-08-13,176.6904754638672
2023-08-14,178.3501434326172
2023-08-15,176.35256958007812
2023-08-16,175.47802734375
2023-08-17,172.9239044189453
2023-08-18,173.410888671875
2023-08-19,173.410888671875
2023-08-20,173.410888671875
2023-08-21,174.7525177001953
2023-08-22,176.13392639160156
2023-08-23,179.99986267089844
2023-08-24,175.2891845703125
2023-08-25,177.50540161132812
2023-08-26,177.50540161132812
2023-08-27,177.50540161132812
2023-08-28,179.0756378173828
2023-08-29,182.98130798339844
2023-08-30,186.48948669433594
2023-08-31,186.7081298828125
2023-09-01,188.28831481933594
2023-09-02,188.28831481933594
2023-09-03,188.28831481933594
2023-09-04,188.28831481933594
2023-09-05,188.5268096923828
2023-09-06,181.77880859375
2023-09-07,176.46188354492188
2023-09-08,177.0780487060547
2023-09-09,177.0780487060547
2023-09-10,177.0780487060547
2023-09-11,178.25074768066406
2023-09-12,175.20968627929688
2023-09-13,173.1326141357422
2023-09-14,174.65313720703125
2023-09-15,173.92764282226562
2023-09-16,173.92764282226562
2023-09-17,173.92764282226562
2023-09-18,176.86935424804688
2023-09-19,177.96255493164062
2023-09-20,174.40469360351562
2023-09-21,172.8543243408203
2023-09-22,173.70901489257812
2023-09-23,173.70901489257812
2023-09-24,173.70901489257812
2023-09-25,174.9910430908203
2023-09-26,170.89654541015625
2023-09-27,169.3759765625
2023-09-28,169.63438415527344
2023-09-29,170.1511688232422
2023-09-30,170.1511688232422
2023-10-01,170.1511688232422
2023-10-02,172.67544555664062
2023-10-03,171.33380126953125
2023-10-04,172.58599853515625
2023-10-05,173.82827758789062
2023-10-06,176.39231872558594
2023-10-07,176.39231872558594
2023-10-08,176.39231872558594
2023-10-09,177.88304138183594
2023-10-10,177.2867431640625
2023-10-11,178.6880340576172
2023-10-12,179.59239196777344
2023-10-13,177.74392700195312
2023-10-14,177.74392700195312
2023-10-15,177.74392700195312
2023-10-16,177.6147003173828
2023-10-17,176.05441284179688
2023-10-18,174.7525177001953
2023-10-19,174.3748779296875
2023-10-20,171.8108367919922
2023-10-21,171.8108367919922
2023-10-22,171.8108367919922
2023-10-23,171.93008422851562
2023-10-24,172.3673858642578
2023-10-25,170.0418701171875
2023-10-26,165.8578643798828
2023-10-27,167.17965698242188
2023-10-28,167.17965698242188
2023-10-29,167.17965698242188
2023-10-30,169.23683166503906
2023-10-31,169.71388244628906
2023-11-01,172.89410400390625
2023-11-02,176.47181701660156
2023-11-03,175.55752563476562
2023-11-04,175.55752563476562
2023-11-05,175.55752563476562
2023-11-06,178.12156677246094
2023-11-07,180.695556640625
2023-11-08,181.75892639160156
2023-11-09,181.2819061279297
2023-11-10,185.4912567138672
2023-11-11,185.4912567138672
2023-11-12,185.4912567138672
2023-11-13,183.89906311035156
2023-11-14,186.52621459960938
2023-11-15,187.09341430664062
2023-11-16,188.78515625
2023-11-17,188.76522827148438
2023-11-18,188.76522827148438
2023-11-19,188.76522827148438
2023-11-20,190.5166473388672
2023-11-21,189.71060180664062
2023-11-22,190.37733459472656
2023-11-23,190.37733459472656
2023-11-24,189.04385375976562
2023-11-25,189.04385375976562
2023-11-26,189.04385375976562
2023-11-27,188.86473083496094
2023-11-28,189.4717559814453
2023-11-29,188.44679260253906
2023-11-30,189.0239715576172
2023-12-01,190.30767822265625
2023-12-02,190.30767822265625
2023-12-03,190.30767822265625
2023-12-04,188.50648498535156
2023-12-05,192.47705078125
2023-12-06,191.38241577148438
2023-12-07,193.32290649414062
2023-12-08,194.75588989257812
2023-12-09,194.75588989257812
2023-12-10,194.75588989257812
2023-12-11,192.23822021484375
2023-12-12,193.76077270507812
2023-12-13,196.9949188232422
2023-12-14,197.14419555664062
2023-12-15,196.60684204101562
2023-12-16,196.60684204101562
2023-12-17,196.60684204101562
2023-12-18,194.93499755859375
2023-12-19,195.9799041748047
2023-12-20,193.88018798828125
2023-12-21,193.7308807373047
2023-12-22,192.6561737060547
2023-12-23,192.6561737060547
2023-12-24,192.6561737060547
2023-12-25,192.6561737060547
2023-12-26,192.10887145996094
2023-12-27,192.20835876464844
2023-12-28,192.6362762451172
2023-12-29,191.5913848876953
2023-12-30,191.5913848876953
2023-12-31,191.5913848876953
2024-01-01,191.5913848876953
2024-01-02,184.7349853515625
2024-01-03,183.3517608642578
2024-01-04,181.02317810058594
2024-01-05,180.2967071533203
2024-01-06,180.2967071533203
2024-01-07,180.2967071533203
2024-01-08,184.65536499023438
2024-01-09,184.23741149902344
2024-01-10,185.2823028564453
2024-01-11,184.68519592285156
2024-01-12,185.01361083984375
2024-01-13,185.01361083984375
2024-01-14,185.01361083984375
2024-01-15,185.01361083984375
2024-01-16,182.7347869873047
2024-01-17,181.78941345214844
2024-01-18,187.71041870117188
2024-01-19,190.62611389160156
2024-01-20,190.62611389160156
2024-01-21,190.62611389160156
2024-01-22,192.9447479248047
2024-01-23,194.2284698486328
2024-01-24,193.55177307128906
2024-01-25,193.223388671875
2024-01-26,191.48191833496094
2024-01-27,191.48191833496094
2024-01-28,191.48191833496094
2024-01-29,190.7952880859375
2024-01-30,187.12327575683594
2024-01-31,183.5010223388672
2024-02-01,185.94903564453125
2024-02-02,184.9439697265625
2024-02-03,184.9439697265625
2024-02-04,184.9439697265625
2024-02-05,186.76502990722656
2024-02-06,188.37713623046875
2024-02-07,188.4866180419922
2024-02-08,187.40191650390625
2024-02-09,188.1691436767578
2024-02-10,188.1691436767578
2024-02-11,188.1691436767578
2024-02-12,186.4752655029297
2024-02-13,184.37286376953125
2024-02-14,183.48606872558594
2024-02-15,183.19712829589844
2024-02-16,181.65269470214844
2024-02-17,181.65269470214844
2024-02-18,181.65269470214844
2024-02-19,181.65269470214844
2024-02-20,180.90541076660156
2024-02-21,181.66268920898438
2024-02-22,183.70529174804688
2024-02-23,181.86195373535156
2024-02-24,181.86195373535156
2024-02-25,181.86195373535156
2024-02-26,180.50686645507812
2024-02-27,181.9715576171875
2024-02-28,180.7659149169922
2024-02-29,180.09832763671875
2024-03-01,179.0122833251953
2024-03-02,179.0122833251953
2024-03-03,179.0122833251953
2024-03-04,174.4687042236328
2024-03-05,169.5066680908203
2024-03-06,168.51025390625
2024-03-07,168.3907012939453
2024-03-08,170.1144561767578
2024-03-09,170.1144561767578
2024-03-10,170.1144561767578
2024-03-11,172.12718200683594
2024-03-12,172.60543823242188
2024-03-13,170.5130157470703
2024-03-14,172.37628173828125
2024-03-15,171.99765014648438
2024-03-16,171.99765014648438
2024-03-17,171.99765014648438
2024-03-18,173.09368896484375
2024-03-19,175.44515991210938
2024-03-20,178.0258331298828
2024-03-21,170.7521514892578
2024-03-22,171.65887451171875
2024-03-23,171.65887451171875
2024-03-24,171.65887451171875
2024-03-25,170.23403930664062
2024-03-26,169.09814453125
2024-03-27,172.68516540527344
2024-03-28,170.86175537109375
2024-03-29,170.86175537109375
2024-03-30,170.86175537109375
2024-03-31,170.86175537109375
2024-04-01,169.41697692871094
2024-04-02,168.23126220703125
2024-04-03,169.03834533691406
2024-04-04,168.2113494873047
2024-04-05,168.96861267089844
2024-04-06,168.96861267089844
2024-04-07,168.96861267089844
2024-04-08,167.84268188476562
2024-04-09,169.0582733154297
2024-04-10,167.1750946044922
2024-04-11,174.40892028808594
2024-04-12,175.91348266601562
2024-04-13,175.91348266601562
2024-04-14,175.91348266601562
2024-04-15,172.0673828125
2024-04-16,168.7693328857422
2024-04-17,167.39430236816406
2024-04-18,166.43775939941406
2024-04-19,164.40512084960938
2024-04-20,164.40512084960938
2024-04-21,164.40512084960938
2024-04-22,165.24208068847656
2024-04-23,166.2982635498047
2024-04-24,168.41062927246094
2024-04-25,169.27749633789062
2024-04-26,168.6896209716797
2024-04-27,168.6896209716797
2024-04-28,168.6896209716797
2024-04-29,172.8744659423828
2024-04-30,169.71591186523438
2024-05-01,168.6896209716797
2024-05-02,172.4061737060547
2024-05-03,182.71884155273438
2024-05-04,182.71884155273438
2024-05-05,182.71884155273438
2024-05-06,181.0548858642578
2024-05-07,181.7423858642578
2024-05-08,182.08116149902344
2024-05-09,183.9045867919922
2024-05-10,182.63743591308594
2024-05-11,182.63743591308594
2024-05-12,182.63743591308594
2024-05-13,185.86013793945312
2024-05-14,187.00755310058594
2024-05-15,189.2924041748047
2024-05-16,189.41212463378906
2024-05-17,189.44204711914062
2024-05-18,189.44204711914062
2024-05-19,189.44204711914062
2024-05-20,190.6094207763672
2024-05-21,191.91647338867188
2024-05-22,190.4697265625
2024-05-23,186.45880126953125
2024-05-24,189.5518035888672
2024-05-25,189.5518035888672
2024-05-26,189.5518035888672
2024-05-27,189.5518035888672
2024-05-28,189.56178283691406
2024-05-29,189.86111450195312
2024-05-30,190.85885620117188
2024-05-31,191.81668090820312
2024-06-01,191.81668090820312
2024-06-02,191.81668090820312
2024-06-03,193.59268188476562
2024-06-04,193.91195678710938
2024-06-05,195.42852783203125
2024-06-06,194.0416717529297
2024-06-07,196.44622802734375
2024-06-08,196.44622802734375
2024-06-09,196.44622802734375
2024-06-10,192.68472290039062
2024-06-11,206.68310546875
2024-06-12,212.58978271484375
2024-06-13,213.75714111328125
2024-06-14,212.01107788085938
2024-06-15,212.01107788085938
2024-06-16,212.01107788085938
2024-06-17,216.18165588378906
2024-06-18,213.8070068359375
2024-06-19,213.8070068359375
2024-06-20,209.2073974609375
2024-06-21,207.02235412597656
2024-06-22,207.02235412597656
2024-06-23,207.02235412597656
2024-06-24,207.67088317871094
2024-06-25,208.59878540039062
2024-06-26,212.7693634033203
2024-06-27,213.61746215820312
2024-06-28,210.14527893066406
2024-06-29,210.14527893066406
2024-06-30,210.14527893066406
2024-07-01,216.261474609375
2024-07-02,219.77354431152344
2024-07-03,221.0506591796875
2024-07-04,221.0506591796875
2024-07-05,225.82984924316406
2024-07-06,225.82984924316406
2024-07-07,225.82984924316406
2024-07-08,227.30653381347656
2024-07-09,228.16458129882812
2024-07-10,232.45489501953125
2024-07-11,227.05709838867188
2024-07-12,230.0203857421875
2024-07-13,230.0203857421875
2024-07-14,230.0203857421875
2024-07-15,233.87168884277344
2024-07-16,234.29074096679688
2024-07-17,228.3641357421875
2024-07-18,223.6747283935547
2024-07-19,223.80442810058594
2024-07-20,223.80442810058594
2024-07-21,223.80442810058594
2024-07-22,223.45523071289062
2024-07-23,224.5028533935547
2024-07-24,218.0474395751953
2024-07-25,216.99981689453125
2024-07-26,217.46875
2024-07-27,217.46875
2024-07-28,217.46875
2024-07-29,217.7481231689453
2024-07-30,218.30685424804688
2024-07-31,221.5794677734375
2024-08-01,217.8678436279297
2024-08-02,219.36447143554688
2024-08-03,219.36447143554688
2024-08-04,219.36447143554688
2024-08-05,208.79833984375
2024-08-06,206.762939453125
2024-08-07,209.34710693359375
2024-08-08,212.8292236328125
2024-08-09,215.7526397705078
2024-08-10,215.7526397705078
2024-08-11,215.7526397705078
2024-08-12,217.2909393310547
2024-08-13,221.02682495117188
2024-08-14,221.47633361816406
2024-08-15,224.47303771972656
2024-08-16,225.80157470703125
2024-08-17,225.80157470703125
2024-08-18,225.80157470703125
2024-08-19,225.64175415039062
2024-08-20,226.2610626220703
2024-08-21,226.15118408203125
2024-08-22,224.2832489013672
2024-08-23,226.5906982421875
2024-08-24,226.5906982421875
2024-08-25,226.5906982421875
2024-08-26,226.93032836914062
2024-08-27,227.77938842773438
2024-08-28,226.2410888671875
2024-08-29,229.53746032714844
2024-08-30,228.7483367919922
2024-08-31,228.7483367919922
2024-09-01,228.7483367919922
2024-09-02,228.7483367919922
2024-09-03,222.52517700195312
2024-09-04,220.6072998046875
2024-09-05,222.13560485839844
2024-09-06,220.57733154296875
2024-09-07,220.57733154296875
2024-09-08,220.57733154296875
2024-09-09,220.66722106933594
2024-09-10,219.86810302734375
2024-09-11,222.41529846191406
2024-09-12,222.52517700195312
2024-09-13,222.25547790527344
2024-09-14,222.25547790527344
2024-09-15,222.25547790527344
2024-09-16,216.082275390625
2024-09-17,216.55174255371094
2024-09-18,220.4474639892578
2024-09-19,228.61846923828125
2024-09-20,227.94920349121094
2024-09-21,227.94920349121094
2024-09-22,227.94920349121094
2024-09-23,226.2211151123047
2024-09-24,227.1201171875
2024-09-25,226.1212158203125
2024-09-26,227.26995849609375
2024-09-27,227.53965759277344
2024-09-28,227.53965759277344
2024-09-29,227.53965759277344
2024-09-30,232.7439422607422
2024-10-01,225.96141052246094
2024-10-02,226.53077697753906
2024-10-03,225.42198181152344
2024-10-04,226.55075073242188
2024-10-05,226.55075073242188
2024-10-06,226.55075073242188
2024-10-07,221.4463653564453
2024-10-08,225.52188110351562
2024-10-09,229.28773498535156
2024-10-10,228.7882843017578
2024-10-11,227.2999267578125
2024-10-12,227.2999267578125
2024-10-13,227.2999267578125
2024-10-14,231.04580688476562
2024-10-15,233.59300231933594
2024-10-16,231.5252685546875
2024-10-17,231.89486694335938
2024-10-18,234.74172973632812
2024-10-19,234.74172973632812
2024-10-20,234.74172973632812
2024-10-21,236.22010803222656
2024-10-22,235.60079956054688
2024-10-23,230.5063934326172
2024-10-24,230.31661987304688
2024-10-25,231.1556854248047
2024-10-26,231.1556854248047
2024-10-27,231.1556854248047
2024-10-28,233.14349365234375
2024-10-29,233.41319274902344
2024-10-30,229.8471221923828
2024-10-31,225.66172790527344
2024-11-01,222.66502380371094
2024-11-02,222.66502380371094
2024-11-03,222.66502380371094
2024-11-04,221.76600646972656
2024-11-05,223.2044219970703
2024-11-06,222.47523498535156
2024-11-07,227.22999572753906
2024-11-08,226.9600067138672
2024-11-09,226.9600067138672
2024-11-10,226.9600067138672
2024-11-11,224.22999572753906
2024-11-12,224.22999572753906
2024-11-13,225.1199951171875
2024-11-14,228.22000122070312
2024-11-15,225.0
2024-11-16,225.0
2024-11-17,225.0
2024-11-18,228.02000427246094
2024-11-19,228.27999877929688
2024-11-20,229.0
2024-11-21,228.52000427246094
2024-11-22,229.8699951171875
2024-11-23,229.8699951171875
2024-11-24,229.8699951171875
2024-11-25,232.8699951171875
2024-11-26,235.05999755859375
2024-11-27,234.92999267578125
2024-11-28,234.92999267578125
2024-11-29,237.3300018310547
2024-11-30,237.3300018310547
2024-12-01,237.3300018310547
2024-12-02,239.58999633789062
2024-12-03,242.64999389648438
2024-12-04,243.00999450683594
2024-12-05,243.0399932861328
2024-12-06,242.83999633789062
2024-12-07,242.83999633789062
2024-12-08,242.83999633789062
2024-12-09,246.75
2024-12-10,247.77000427246094
2024-12-11,246.49000549316406
2024-12-12,247.9600067138672
2024-12-13,248.1300048828125
2024-12-14,248.1300048828125
2024-12-15,248.1300048828125
2024-12-16,251.0399932861328
2024-12-17,253.47999572753906
2024-12-18,248.0500030517578
2024-12-19,249.7899932861328
2024-12-20,254.49000549316406
2024-12-21,254.49000549316406
2024-12-22,254.49000549316406
2024-12-23,255.27000427246094
2024-12-24,258.20001220703125
2024-12-25,258.20001220703125
2024-12-26,259.0199890136719
2024-12-27,255.58999633789062
2024-12-28,255.58999633789062
2024-12-29,255.58999633789062
2024-12-30,252.1999969482422
2024-12-31,250.4199981689453
2025-01-01,250.4199981689453
2025-01-02,243.85000610351562
2025-01-03,243.36000061035156
2025-01-04,243.36000061035156
2025-01-05,243.36000061035156
2025-01-06,245.0
2025-01-07,242.2100067138672
2025-01-08,242.6999969482422
2025-01-09,242.6999969482422
2025-01-10,236.85000610351562
2025-01-11,236.85000610351562
2025-01-12,236.85000610351562
2025-01-13,234.39999389648438
2025-01-14,233.27999877929688
2025-01-15,237.8699951171875
2025-01-16,228.25999450683594
2025-01-17,229.97999572753906
2025-01-18,229.97999572753906
2025-01-19,229.97999572753906
2025-01-20,229.97999572753906
2025-01-21,222.63999938964844
2025-01-22,223.8300018310547
2025-01-23,223.66000366210938
2025-01-24,222.77999877929688
